<keymap version="1" name="Emacs mishadoff" parent="Emacs">
  <action id="$Copy">
    <keyboard-shortcut first-keystroke="meta w" />
    <keyboard-shortcut first-keystroke="meta c" />
  </action>
  <action id="$Cut">
    <keyboard-shortcut first-keystroke="ctrl w" />
  </action>
  <action id="$Paste">
    <keyboard-shortcut first-keystroke="ctrl y" />
    <keyboard-shortcut first-keystroke="meta v" />
  </action>
  <action id="$Redo">
    <keyboard-shortcut first-keystroke="ctrl meta z" />
  </action>
  <action id="$SelectAll">
    <keyboard-shortcut first-keystroke="meta a" />
  </action>
  <action id="$Undo">
    <keyboard-shortcut first-keystroke="ctrl z" />
  </action>
  <action id=":cursive.actions.paredit/backward" />
  <action id=":cursive.actions.paredit/backward-down" />
  <action id=":cursive.actions.paredit/backward-up" />
  <action id=":cursive.actions.paredit/barf-backwards">
    <keyboard-shortcut first-keystroke="ctrl c" second-keystroke="ctrl b" />
  </action>
  <action id=":cursive.actions.paredit/barf-forwards">
    <keyboard-shortcut first-keystroke="ctrl c" second-keystroke="ctrl f" />
    <keyboard-shortcut first-keystroke="meta b" />
    <keyboard-shortcut first-keystroke="ctrl c" second-keystroke="left" />
  </action>
  <action id=":cursive.actions.paredit/close-curly-and-newline" />
  <action id=":cursive.actions.paredit/close-paren-and-newline" />
  <action id=":cursive.actions.paredit/close-square-and-newline" />
  <action id=":cursive.actions.paredit/copy-as-kill" />
  <action id=":cursive.actions.paredit/forward">
    <keyboard-shortcut first-keystroke="meta f" />
  </action>
  <action id=":cursive.actions.paredit/forward-down" />
  <action id=":cursive.actions.paredit/forward-up" />
  <action id=":cursive.actions.paredit/join" />
  <action id=":cursive.actions.paredit/kill" />
  <action id=":cursive.actions.paredit/kill-sexp" />
  <action id=":cursive.actions.paredit/move-form-down" />
  <action id=":cursive.actions.paredit/move-form-up">
    <keyboard-shortcut first-keystroke="ctrl c" second-keystroke="t" />
  </action>
  <action id=":cursive.actions.paredit/raise" />
  <action id=":cursive.actions.paredit/slurp-backwards">
    <keyboard-shortcut first-keystroke="ctrl c" second-keystroke="meta s" />
  </action>
  <action id=":cursive.actions.paredit/slurp-forwards">
    <keyboard-shortcut first-keystroke="meta s" />
    <keyboard-shortcut first-keystroke="ctrl c" second-keystroke="right" />
  </action>
  <action id=":cursive.actions.paredit/splice" />
  <action id=":cursive.actions.paredit/splice-killing-backwards" />
  <action id=":cursive.actions.paredit/splice-killing-forwards" />
  <action id=":cursive.actions.paredit/split" />
  <action id=":cursive.actions.paredit/thread-form">
    <keyboard-shortcut first-keystroke="ctrl c" second-keystroke="ctrl period" />
  </action>
  <action id=":cursive.actions.paredit/unthread-form">
    <keyboard-shortcut first-keystroke="ctrl c" second-keystroke="ctrl comma" />
  </action>
  <action id=":cursive.actions.paredit/wrap-curly" />
  <action id=":cursive.actions.paredit/wrap-paren" />
  <action id=":cursive.actions.paredit/wrap-quotes" />
  <action id=":cursive.actions.paredit/wrap-square" />
  <action id=":cursive.editor.actions/show-type" />
  <action id=":cursive.repl.actions/clear-repl">
    <keyboard-shortcut first-keystroke="ctrl x" second-keystroke="back_space" />
  </action>
  <action id=":cursive.repl.actions/clojure-repl-commands-group">
    <keyboard-shortcut first-keystroke="ctrl x" second-keystroke="c" />
  </action>
  <action id=":cursive.repl.actions/interrupt">
    <keyboard-shortcut first-keystroke="ctrl x" second-keystroke="i" />
    <keyboard-shortcut first-keystroke="meta i" />
  </action>
  <action id=":cursive.repl.actions/jump-to-output">
    <keyboard-shortcut first-keystroke="meta o" />
    <keyboard-shortcut first-keystroke="ctrl t" second-keystroke="o" />
  </action>
  <action id=":cursive.repl.actions/jump-to-repl">
    <keyboard-shortcut first-keystroke="meta r" />
    <keyboard-shortcut first-keystroke="ctrl t" second-keystroke="r" />
  </action>
  <action id=":cursive.repl.actions/load-file">
    <keyboard-shortcut first-keystroke="ctrl x" second-keystroke="l" />
    <keyboard-shortcut first-keystroke="meta l" />
  </action>
  <action id=":cursive.repl.actions/macroexpansion">
    <keyboard-shortcut first-keystroke="ctrl q" />
  </action>
  <action id=":cursive.repl.actions/next-history-item">
    <keyboard-shortcut first-keystroke="meta down" />
  </action>
  <action id=":cursive.repl.actions/prev-history-item">
    <keyboard-shortcut first-keystroke="meta up" />
  </action>
  <action id=":cursive.repl.actions/run-last-sexp">
    <keyboard-shortcut first-keystroke="ctrl x" second-keystroke="e" />
  </action>
  <action id=":cursive.repl.actions/run-top-sexp">
    <keyboard-shortcut first-keystroke="ctrl u" />
  </action>
  <action id=":cursive.repl.actions/search-history">
    <keyboard-shortcut first-keystroke="ctrl x" second-keystroke="s" />
  </action>
  <action id=":cursive.repl.actions/switch-namespace">
    <keyboard-shortcut first-keystroke="ctrl x" second-keystroke="n" />
  </action>
  <action id=":cursive.repl.actions/sync-files">
    <keyboard-shortcut first-keystroke="ctrl x" second-keystroke="m" />
  </action>
  <action id=":cursive.repl.commands/add-new">
    <keyboard-shortcut first-keystroke="ctrl x" second-keystroke="a" />
  </action>
  <action id=":cursive.testing.actions/run-ns-tests">
    <keyboard-shortcut first-keystroke="ctrl x" second-keystroke="ctrl t" />
    <keyboard-shortcut first-keystroke="meta t" />
  </action>
  <action id=":cursive.testing.actions/run-single-test">
    <keyboard-shortcut first-keystroke="ctrl x" second-keystroke="t" />
  </action>
  <action id="AceAction">
    <keyboard-shortcut first-keystroke="meta j" />
    <keyboard-shortcut first-keystroke="ctrl c" second-keystroke="j" />
  </action>
  <action id="AceLineAction" />
  <action id="AceTargetAction" />
  <action id="ActivateDebugToolWindow">
    <keyboard-shortcut first-keystroke="ctrl t" second-keystroke="d" />
  </action>
  <action id="ActivateEventLogToolWindow">
    <keyboard-shortcut first-keystroke="ctrl t" second-keystroke="e" />
  </action>
  <action id="ActivateFavoritesToolWindow" />
  <action id="ActivateFindToolWindow">
    <keyboard-shortcut first-keystroke="ctrl t" second-keystroke="s" />
  </action>
  <action id="ActivateLeiningenToolWindow">
    <keyboard-shortcut first-keystroke="ctrl t" second-keystroke="l" />
  </action>
  <action id="ActivateMavenProjectsToolWindow">
    <keyboard-shortcut first-keystroke="ctrl t" second-keystroke="m" />
  </action>
  <action id="ActivateProjectToolWindow">
    <keyboard-shortcut first-keystroke="ctrl t" second-keystroke="p" />
    <keyboard-shortcut first-keystroke="meta p" />
  </action>
  <action id="ActivateREPLToolWindow">
    <keyboard-shortcut first-keystroke="meta r" />
  </action>
  <action id="ActivateRunToolWindow">
    <keyboard-shortcut first-keystroke="ctrl t" second-keystroke="x" />
  </action>
  <action id="ActivateStructureToolWindow" />
  <action id="ActivateTODOToolWindow">
    <keyboard-shortcut first-keystroke="ctrl t" second-keystroke="t" />
  </action>
  <action id="ActivateTerminalToolWindow">
    <keyboard-shortcut first-keystroke="ctrl t" second-keystroke="c" />
  </action>
  <action id="ActivateVersionControlToolWindow">
    <keyboard-shortcut first-keystroke="ctrl t" second-keystroke="g" />
  </action>
  <action id="AddToFavoritesPopup" />
  <action id="Android.HotswapChanges" />
  <action id="Annotate">
    <keyboard-shortcut first-keystroke="ctrl c" second-keystroke="a" />
  </action>
  <action id="Arrangement.Rule.Edit" />
  <action id="AutoIndentLines" />
  <action id="Back">
    <keyboard-shortcut first-keystroke="ctrl x" second-keystroke="left" />
  </action>
  <action id="ChangeSignature" />
  <action id="ChangeTypeSignature" />
  <action id="ChangesView.Revert" />
  <action id="CheckinProject">
    <keyboard-shortcut first-keystroke="ctrl x" second-keystroke="g" />
  </action>
  <action id="ChooseDebugConfiguration">
    <keyboard-shortcut first-keystroke="ctrl x" second-keystroke="delete" />
    <keyboard-shortcut first-keystroke="ctrl x" second-keystroke="d" />
  </action>
  <action id="ChooseRunConfiguration">
    <keyboard-shortcut first-keystroke="ctrl x" second-keystroke="x" />
    <keyboard-shortcut first-keystroke="ctrl x" second-keystroke="ctrl x" />
  </action>
  <action id="ClassNameCompletion" />
  <action id="CloseActiveTab" />
  <action id="CloseAllEditors" />
  <action id="CloseContent">
    <keyboard-shortcut first-keystroke="ctrl x" second-keystroke="k" />
    <keyboard-shortcut first-keystroke="ctrl x" second-keystroke="0" />
  </action>
  <action id="CodeCompletion">
    <keyboard-shortcut first-keystroke="ctrl period" />
  </action>
  <action id="CollapseAll" />
  <action id="CollapseAllRegions">
    <keyboard-shortcut first-keystroke="ctrl c" second-keystroke="ctrl minus" />
  </action>
  <action id="CollapseBlock" />
  <action id="CollapseExpandableComponent">
    <keyboard-shortcut first-keystroke="shift enter" />
  </action>
  <action id="CollapseRegion">
    <keyboard-shortcut first-keystroke="ctrl c" second-keystroke="minus" />
  </action>
  <action id="CollapseRegionRecursively" />
  <action id="CollapseSelection" />
  <action id="CommentByBlockComment" />
  <action id="CommentByLineComment">
    <keyboard-shortcut first-keystroke="ctrl c" second-keystroke="c" />
  </action>
  <action id="CompareTwoFiles" />
  <action id="Compile" />
  <action id="CompileDirty" />
  <action id="CompileProject" />
  <action id="Console.Execute">
    <keyboard-shortcut first-keystroke="enter" />
    <keyboard-shortcut first-keystroke="ctrl n" />
  </action>
  <action id="Console.Execute.Multiline">
    <keyboard-shortcut first-keystroke="meta enter" />
  </action>
  <action id="Console.History.Browse" />
  <action id="Console.Open" />
  <action id="Console.TableResult.CompareCells" />
  <action id="Console.TableResult.NavigateAction" />
  <action id="Console.TableResult.SelectRow" />
  <action id="ConvertJavaToKotlin" />
  <action id="CopyElement" />
  <action id="CopyPaths" />
  <action id="CopyReference" />
  <action id="DSM.OpenInEditor" />
  <action id="DSM.ZoomIn" />
  <action id="Database.OpenDbStorageAction" />
  <action id="Debug" />
  <action id="Debugger.EditFrameSource" />
  <action id="Debugger.EditTypeSource" />
  <action id="Diff.NextChange">
    <keyboard-shortcut first-keystroke="alt right" />
  </action>
  <action id="Diff.ShowDiff" />
  <action id="Diff.ShowSettingsPopup" />
  <action id="DomCollectionControl.Add" />
  <action id="DomCollectionControl.Edit" />
  <action id="DomElementsTreeView.GotoDomElementDeclarationAction" />
  <action id="DumpLookupElementWeights" />
  <action id="EditBreakpoint" />
  <action id="EditSource" />
  <action id="EditSourceInNewWindow" />
  <action id="Editor Copy">
    <keyboard-shortcut first-keystroke="meta w" />
    <keyboard-shortcut first-keystroke="meta c" />
  </action>
  <action id="Editor Cut">
    <keyboard-shortcut first-keystroke="ctrl w" />
  </action>
  <action id="Editor Paste">
    <keyboard-shortcut first-keystroke="meta v" />
  </action>
  <action id="Editor Redo">
    <keyboard-shortcut first-keystroke="ctrl meta z" />
  </action>
  <action id="Editor SelectAll">
    <keyboard-shortcut first-keystroke="meta a" />
  </action>
  <action id="Editor Undo">
    <keyboard-shortcut first-keystroke="ctrl z" />
  </action>
  <action id="EditorAddOrRemoveCaret" />
  <action id="EditorAddRectangularSelectionOnMouseDrag" />
  <action id="EditorBackwardParagraph" />
  <action id="EditorChooseLookupItem">
    <keyboard-shortcut first-keystroke="enter" />
    <keyboard-shortcut first-keystroke="ctrl n" />
  </action>
  <action id="EditorChooseLookupItemCompleteStatement" />
  <action id="EditorChooseLookupItemDot" />
  <action id="EditorChooseLookupItemReplace" />
  <action id="EditorCodeBlockEnd" />
  <action id="EditorCodeBlockEndWithSelection" />
  <action id="EditorCodeBlockStart" />
  <action id="EditorCodeBlockStartWithSelection" />
  <action id="EditorCompleteStatement" />
  <action id="EditorContextInfo" />
  <action id="EditorCreateRectangularSelection" />
  <action id="EditorCutLineBackward" />
  <action id="EditorCutLineEnd" />
  <action id="EditorDecreaseFontSize">
    <keyboard-shortcut first-keystroke="ctrl x" second-keystroke="minus" />
    <keyboard-shortcut first-keystroke="ctrl x" second-keystroke="ctrl minus" />
  </action>
  <action id="EditorDeleteLine">
    <keyboard-shortcut first-keystroke="ctrl c" second-keystroke="k" />
  </action>
  <action id="EditorDeleteToLineEnd">
    <keyboard-shortcut first-keystroke="meta delete" />
    <keyboard-shortcut first-keystroke="ctrl k" />
  </action>
  <action id="EditorDeleteToLineStart">
    <keyboard-shortcut first-keystroke="meta back_space" />
  </action>
  <action id="EditorDeleteToWordEnd" />
  <action id="EditorDeleteToWordStart">
    <keyboard-shortcut first-keystroke="alt back_space" />
  </action>
  <action id="EditorDown">
    <keyboard-shortcut first-keystroke="down" />
  </action>
  <action id="EditorDuplicate">
    <keyboard-shortcut first-keystroke="ctrl c" second-keystroke="d" />
  </action>
  <action id="EditorEnter">
    <keyboard-shortcut first-keystroke="enter" />
    <keyboard-shortcut first-keystroke="ctrl n" />
  </action>
  <action id="EditorEscape">
    <keyboard-shortcut first-keystroke="ctrl g" />
  </action>
  <action id="EditorForwardParagraph" />
  <action id="EditorIncreaseFontSize">
    <keyboard-shortcut first-keystroke="ctrl x" second-keystroke="equals" />
    <keyboard-shortcut first-keystroke="ctrl x" second-keystroke="ctrl equals" />
  </action>
  <action id="EditorIndentSelection">
    <keyboard-shortcut first-keystroke="tab" />
    <keyboard-shortcut first-keystroke="meta right" />
  </action>
  <action id="EditorJoinLines">
    <keyboard-shortcut first-keystroke="meta d" />
  </action>
  <action id="EditorKillRegion" />
  <action id="EditorKillRingSave" />
  <action id="EditorKillToWordEnd" />
  <action id="EditorKillToWordStart" />
  <action id="EditorLeft">
    <keyboard-shortcut first-keystroke="left" />
  </action>
  <action id="EditorLineEnd">
    <keyboard-shortcut first-keystroke="ctrl e" />
  </action>
  <action id="EditorLineEndWithSelection" />
  <action id="EditorLineStart">
    <keyboard-shortcut first-keystroke="ctrl a" />
  </action>
  <action id="EditorLineStartWithSelection" />
  <action id="EditorMatchBrace">
    <keyboard-shortcut first-keystroke="ctrl c" second-keystroke="b" />
  </action>
  <action id="EditorMoveToPageBottom" />
  <action id="EditorMoveToPageBottomWithSelection" />
  <action id="EditorMoveToPageTop" />
  <action id="EditorMoveToPageTopWithSelection" />
  <action id="EditorNextWord">
    <keyboard-shortcut first-keystroke="ctrl f" />
  </action>
  <action id="EditorNextWordWithSelection" />
  <action id="EditorPageDown" />
  <action id="EditorPageDownWithSelection" />
  <action id="EditorPageUp" />
  <action id="EditorPageUpWithSelection" />
  <action id="EditorPasteFromX11" />
  <action id="EditorPasteSimple" />
  <action id="EditorPreviousWord">
    <keyboard-shortcut first-keystroke="ctrl b" />
  </action>
  <action id="EditorPreviousWordWithSelection" />
  <action id="EditorResetFontSize">
    <keyboard-shortcut first-keystroke="ctrl x" second-keystroke="ctrl 0" />
  </action>
  <action id="EditorRight">
    <keyboard-shortcut first-keystroke="right" />
  </action>
  <action id="EditorScrollToCenter" />
  <action id="EditorSelectWord">
    <keyboard-shortcut first-keystroke="ctrl equals" />
  </action>
  <action id="EditorSplitLine" />
  <action id="EditorStartNewLine" />
  <action id="EditorStartNewLineBefore" />
  <action id="EditorSwapSelectionBoundaries" />
  <action id="EditorTextEnd">
    <keyboard-shortcut first-keystroke="ctrl meta e" />
  </action>
  <action id="EditorTextEndWithSelection" />
  <action id="EditorTextStart">
    <keyboard-shortcut first-keystroke="ctrl meta a" />
  </action>
  <action id="EditorTextStartWithSelection" />
  <action id="EditorToggleCase" />
  <action id="EditorToggleColumnMode">
    <keyboard-shortcut first-keystroke="ctrl c" second-keystroke="8" />
  </action>
  <action id="EditorToggleStickySelection">
    <keyboard-shortcut first-keystroke="ctrl space" />
  </action>
  <action id="EditorUnSelectWord">
    <keyboard-shortcut first-keystroke="ctrl minus" />
  </action>
  <action id="EditorUnindentSelection">
    <keyboard-shortcut first-keystroke="shift tab" />
    <keyboard-shortcut first-keystroke="meta left" />
  </action>
  <action id="EditorUp">
    <keyboard-shortcut first-keystroke="up" />
  </action>
  <action id="EmmetNextEditPoint" />
  <action id="EmmetPreviousEditPoint" />
  <action id="EvaluateExpression">
    <keyboard-shortcut first-keystroke="alt e" />
  </action>
  <action id="ExpandAll">
    <keyboard-shortcut first-keystroke="ctrl add" />
  </action>
  <action id="ExpandAllRegions">
    <keyboard-shortcut first-keystroke="ctrl c" second-keystroke="ctrl equals" />
  </action>
  <action id="ExpandExpandableComponent">
    <keyboard-shortcut first-keystroke="shift enter" />
    <keyboard-shortcut first-keystroke="ctrl add" />
  </action>
  <action id="ExpandRegion">
    <keyboard-shortcut first-keystroke="ctrl c" second-keystroke="equals" />
  </action>
  <action id="ExportToTextFile" />
  <action id="ExpressionTypeInfo" />
  <action id="ExternalJavaDoc" />
  <action id="ExternalSystem.ExpandAll" />
  <action id="ExternalSystem.OpenConfig" />
  <action id="FileChooser.GotoDesktop" />
  <action id="FileChooser.GotoHome" />
  <action id="FileChooser.GotoModule" />
  <action id="FileChooser.GotoProject" />
  <action id="FileChooser.NewFolder" />
  <action id="FileChooser.TogglePathShowing" />
  <action id="FileStructurePopup">
    <keyboard-shortcut first-keystroke="ctrl c" second-keystroke="m" />
  </action>
  <action id="Find">
    <keyboard-shortcut first-keystroke="ctrl s" />
  </action>
  <action id="FindInPath">
    <keyboard-shortcut first-keystroke="ctrl meta s" />
  </action>
  <action id="FindNext">
    <keyboard-shortcut first-keystroke="ctrl s" />
  </action>
  <action id="FindPrevious" />
  <action id="FindUsages">
    <keyboard-shortcut first-keystroke="ctrl c" second-keystroke="u" />
  </action>
  <action id="FindUsagesInFile" />
  <action id="FindWordAtCaret" />
  <action id="ForceRunToCursor" />
  <action id="ForceStepInto" />
  <action id="ForceStepOver" />
  <action id="Forward">
    <keyboard-shortcut first-keystroke="ctrl x" second-keystroke="right" />
  </action>
  <action id="GotoAction">
    <keyboard-shortcut first-keystroke="meta x" />
  </action>
  <action id="GotoClass" />
  <action id="GotoCustomRegion" />
  <action id="GotoDeclaration">
    <keyboard-shortcut first-keystroke="ctrl c" second-keystroke="s" />
  </action>
  <action id="GotoFile">
    <keyboard-shortcut first-keystroke="ctrl x" second-keystroke="ctrl f" />
    <keyboard-shortcut first-keystroke="ctrl x" second-keystroke="ctrl right" />
    <keyboard-shortcut first-keystroke="ctrl x" second-keystroke="f" />
  </action>
  <action id="GotoLine">
    <keyboard-shortcut first-keystroke="ctrl c" second-keystroke="l" />
  </action>
  <action id="GotoNamespace">
    <keyboard-shortcut first-keystroke="meta n" />
  </action>
  <action id="GotoNextError">
    <keyboard-shortcut first-keystroke="ctrl c" second-keystroke="e" />
  </action>
  <action id="GotoPreviousError" />
  <action id="GotoRelated" />
  <action id="GotoSuperMethod" />
  <action id="GotoSymbol">
    <keyboard-shortcut first-keystroke="meta k" />
  </action>
  <action id="GotoTest" />
  <action id="GotoTypeDeclaration" />
  <action id="Graph.Faces.OpenSelectedPages" />
  <action id="HideActiveWindow">
    <keyboard-shortcut first-keystroke="ctrl t" second-keystroke="q" />
    <keyboard-shortcut first-keystroke="meta escape" />
  </action>
  <action id="HideAllWindows">
    <keyboard-shortcut first-keystroke="ctrl t" second-keystroke="h" />
  </action>
  <action id="HighlightUsagesInFile" />
  <action id="HippieBackwardCompletion" />
  <action id="HippieCompletion" />
  <action id="Images.EditExternally" />
  <action id="Images.Editor.ActualSize" />
  <action id="Images.Editor.ToggleGrid" />
  <action id="Images.Editor.ZoomIn" />
  <action id="Images.Thumbnails.EnterAction">
    <keyboard-shortcut first-keystroke="enter" />
    <keyboard-shortcut first-keystroke="ctrl n" />
  </action>
  <action id="ImplementMethods" />
  <action id="InsertLiveTemplate" />
  <action id="IntroduceConstant" />
  <action id="IntroduceFunctionalParameter" />
  <action id="Jdbc.OpenConsole" />
  <action id="Jdbc.OpenEditor">
    <keyboard-shortcut first-keystroke="ctrl t" second-keystroke="e" />
  </action>
  <action id="JumpToLastChange" />
  <action id="JumpToLastWindow" />
  <action id="MaintenanceAction" />
  <action id="Maven.ExpandAll">
    <keyboard-shortcut first-keystroke="ctrl add" />
  </action>
  <action id="MaximizeToolWindow">
    <keyboard-shortcut first-keystroke="ctrl t" second-keystroke="f" />
  </action>
  <action id="MethodDown">
    <keyboard-shortcut first-keystroke="ctrl meta f" />
  </action>
  <action id="MethodOverloadSwitchDown" />
  <action id="MethodOverloadSwitchUp" />
  <action id="MethodUp">
    <keyboard-shortcut first-keystroke="ctrl meta b" />
  </action>
  <action id="Move" />
  <action id="MoveStatementDown">
    <keyboard-shortcut first-keystroke="shift ctrl down" />
    <keyboard-shortcut first-keystroke="meta down" />
  </action>
  <action id="MoveStatementUp">
    <keyboard-shortcut first-keystroke="shift ctrl up" />
    <keyboard-shortcut first-keystroke="meta up" />
  </action>
  <action id="NextEditorTab" />
  <action id="NextOccurence" />
  <action id="NextProjectWindow">
    <keyboard-shortcut first-keystroke="ctrl close_bracket" />
  </action>
  <action id="NextTab" />
  <action id="NextTemplateVariable">
    <keyboard-shortcut first-keystroke="tab" />
  </action>
  <action id="OpenElementInNewWindow" />
  <action id="OpenFile">
    <keyboard-shortcut first-keystroke="ctrl x" second-keystroke="ctrl o" />
  </action>
  <action id="OpenModuleSettings" />
  <action id="OptimizeImports" />
  <action id="ParameterInfo" />
  <action id="PasteMultiple" />
  <action id="PlaybackLastMacro">
    <keyboard-shortcut first-keystroke="meta m" />
  </action>
  <action id="PopupHector" />
  <action id="PreviousEditorTab" />
  <action id="PreviousOccurence" />
  <action id="PreviousProjectWindow">
    <keyboard-shortcut first-keystroke="ctrl open_bracket" />
  </action>
  <action id="PreviousTab" />
  <action id="ProjectViewChangeView" />
  <action id="QuickActionPopup" />
  <action id="QuickChangeScheme" />
  <action id="QuickEvaluateExpression" />
  <action id="QuickImplementations" />
  <action id="QuickJavaDoc">
    <keyboard-shortcut first-keystroke="ctrl c" second-keystroke="h" />
  </action>
  <action id="RecentChangedFiles" />
  <action id="RecentChanges" />
  <action id="RecentFiles">
    <keyboard-shortcut first-keystroke="meta e" />
  </action>
  <action id="Refactorings.QuickListPopupAction">
    <keyboard-shortcut first-keystroke="ctrl c" second-keystroke="r" />
  </action>
  <action id="ReformatCode">
    <keyboard-shortcut first-keystroke="ctrl c" second-keystroke="i" />
  </action>
  <action id="ReloadFromDisk" />
  <action id="RemoteHostView.EditSource" />
  <action id="RenameElement" />
  <action id="Replace">
    <keyboard-shortcut first-keystroke="ctrl r" />
  </action>
  <action id="ReplaceInPath">
    <keyboard-shortcut first-keystroke="ctrl meta r" />
  </action>
  <action id="ResizeToolWindowDown">
    <keyboard-shortcut first-keystroke="ctrl t" second-keystroke="down" />
  </action>
  <action id="ResizeToolWindowLeft">
    <keyboard-shortcut first-keystroke="ctrl t" second-keystroke="left" />
  </action>
  <action id="ResizeToolWindowRight">
    <keyboard-shortcut first-keystroke="ctrl t" second-keystroke="right" />
  </action>
  <action id="ResizeToolWindowUp">
    <keyboard-shortcut first-keystroke="ctrl t" second-keystroke="up" />
  </action>
  <action id="Run" />
  <action id="RunClass" />
  <action id="RunDashboard.EditConfiguration" />
  <action id="RunDashboard.ShowConfigurations" />
  <action id="RunInspection" />
  <action id="RunTargetAction" />
  <action id="RunToCursor" />
  <action id="SaveAsTemplate">
    <keyboard-shortcut first-keystroke="ctrl quote" />
  </action>
  <action id="Scala.ShowImplicits">
    <keyboard-shortcut first-keystroke="shift ctrl alt equals" />
    <keyboard-shortcut first-keystroke="shift ctrl alt add" />
  </action>
  <action id="ScrollFromSource">
    <keyboard-shortcut first-keystroke="ctrl c" second-keystroke="f" />
  </action>
  <action id="SearchEverywhere">
    <keyboard-shortcut first-keystroke="ctrl meta x" />
  </action>
  <action id="SearchEverywhere.SelectItem">
    <keyboard-shortcut first-keystroke="enter" />
    <keyboard-shortcut first-keystroke="ctrl n" />
  </action>
  <action id="SelectAllOccurrences" />
  <action id="SelectIn" />
  <action id="SelectNextOccurrence" />
  <action id="SendEOF" />
  <action id="ShowBookmarks">
    <keyboard-shortcut first-keystroke="ctrl x" second-keystroke="ctrl b" />
  </action>
  <action id="ShowContent" />
  <action id="ShowErrorDescription">
    <keyboard-shortcut first-keystroke="ctrl c" second-keystroke="ctrl e" />
  </action>
  <action id="ShowFilePath" />
  <action id="ShowIntentionActions">
    <keyboard-shortcut first-keystroke="ctrl c" second-keystroke="enter" />
    <keyboard-shortcut first-keystroke="meta enter" />
  </action>
  <action id="ShowNavBar" />
  <action id="ShowPopupMenu">
    <keyboard-shortcut first-keystroke="context_menu" />
    <keyboard-shortcut first-keystroke="meta u" />
  </action>
  <action id="ShowProjectStructureSettings" />
  <action id="ShowRecentTests" />
  <action id="ShowReformatFileDialog" />
  <action id="ShowSettings" />
  <action id="ShowSettingsAndFindUsages" />
  <action id="ShowUsages" />
  <action id="SmartStepInto" />
  <action id="SmartTypeCompletion" />
  <action id="StepInto">
    <keyboard-shortcut first-keystroke="alt i" />
  </action>
  <action id="StepOut">
    <keyboard-shortcut first-keystroke="alt o" />
  </action>
  <action id="StepOver">
    <keyboard-shortcut first-keystroke="alt n" />
  </action>
  <action id="Stop">
    <keyboard-shortcut first-keystroke="ctrl x" second-keystroke="q" />
  </action>
  <action id="StopBackgroundProcesses" />
  <action id="SurroundWith">
    <keyboard-shortcut first-keystroke="ctrl c" second-keystroke="w" />
  </action>
  <action id="SurroundWithLiveTemplate" />
  <action id="SwitchCoverage" />
  <action id="Switcher" />
  <action id="Synchronize" />
  <action id="ToggleBookmark">
    <keyboard-shortcut first-keystroke="ctrl x" second-keystroke="b" />
  </action>
  <action id="ToggleBookmarkWithMnemonic" />
  <action id="ToggleLineBreakpoint" />
  <action id="ToggleTemporaryLineBreakpoint" />
  <action id="UML.ZoomIn">
    <keyboard-shortcut first-keystroke="ctrl add" />
  </action>
  <action id="Uml.ShowDiff" />
  <action id="UnselectPreviousOccurrence" />
  <action id="Unwrap">
    <keyboard-shortcut first-keystroke="ctrl c" second-keystroke="meta w" />
  </action>
  <action id="Vcs.EditSource" />
  <action id="Vcs.Log.FocusTextFilter" />
  <action id="Vcs.Log.OpenRepositoryVersion" />
  <action id="Vcs.QuickListPopupAction" />
  <action id="Vcs.UpdateProject" />
  <action id="ViewSource" />
  <action id="XDebugger.JumpToSource" />
  <action id="XDebugger.SetValue" />
  <action id="XPathView.Actions.Evaluate" />
  <action id="XPathView.Actions.FindByExpression" />
  <action id="XPathView.Actions.ShowPath" />
  <action id="hg4idea.QFold" />
</keymap>