<application>
  <component name="VimEditorSettings">
    <editor>
      <key-repeat enabled="true" />
    </editor>
  </component>
  <component name="VimHistorySettings">
    <history>
      <history-search>
        <entry>collify</entry>
        <entry>coll</entry>
        <entry>add-ent</entry>
      </history-search>
      <history-cmd>
        <entry>help text-objects</entry>
      </history-cmd>
      <history-expr />
      <history-input />
    </history>
  </component>
  <component name="VimKeySettings">
    <shortcut-conflicts>
      <shortcut-conflict owner="vim">
        <text>ctrl pressed F</text>
      </shortcut-conflict>
      <shortcut-conflict owner="ide">
        <text>ctrl pressed G</text>
      </shortcut-conflict>
      <shortcut-conflict owner="vim">
        <text>ctrl pressed A</text>
      </shortcut-conflict>
      <shortcut-conflict owner="vim">
        <text>ctrl pressed J</text>
      </shortcut-conflict>
      <shortcut-conflict owner="vim">
        <text>ctrl pressed O</text>
      </shortcut-conflict>
      <shortcut-conflict owner="vim">
        <text>ctrl pressed N</text>
      </shortcut-conflict>
      <shortcut-conflict owner="vim">
        <text>ctrl pressed Q</text>
      </shortcut-conflict>
    </shortcut-conflicts>
  </component>
  <component name="VimMarksSettings">
    <globalmarks />
    <filemarks>
      <file name="/Library/Java/JavaVirtualMachines/adoptopenjdk-11.jdk/Contents/Home/lib/src.zip!/java.base/java/lang/Override.java" timestamp="1589559069375">
        <mark key="[" line="52" column="28" />
        <mark key="]" line="52" column="28" />
        <mark key="^" line="52" column="28" />
        <mark key="." line="52" column="27" />
      </file>
      <file name="/Library/Java/JavaVirtualMachines/adoptopenjdk-11.jdk/Contents/Home/lib/src.zip!/java.base/java/lang/String.java" timestamp="1589624010192">
        <mark key="[" line="123" column="0" />
        <mark key="]" line="122" column="2" />
        <mark key="^" line="122" column="2" />
        <mark key="." line="122" column="1" />
      </file>
      <file name="/Dummy.edn" timestamp="1589624860716">
        <mark key="[" line="0" column="0" />
      </file>
      <file name="$MAVEN_REPOSITORY$/org/clojure/clojure/1.10.1/clojure-1.10.1.jar!/clojure/core.clj" timestamp="1589637999074">
        <mark key="'" line="1483" column="6" />
      </file>
      <file name="$USER_HOME$/dev/hyperskill/src/customThread.java" timestamp="1588623073289">
        <mark key="[" line="2" column="0" />
        <mark key="]" line="3" column="0" />
        <mark key="." line="2" column="0" />
        <mark key="^" line="3" column="0" />
      </file>
      <file name="/REPL.clj" timestamp="1589627172704">
        <mark key="[" line="0" column="0" />
      </file>
      <file name="/REPL.txt" timestamp="1589627172713">
        <mark key="[" line="0" column="0" />
      </file>
      <file name="$USER_HOME$/dev/hyperskill/src/MessageNotifier.java" timestamp="1589624636700">
        <mark key="'" line="4" column="0" />
        <mark key="[" line="7" column="19" />
        <mark key="]" line="7" column="19" />
        <mark key="." line="7" column="18" />
        <mark key="^" line="7" column="19" />
      </file>
      <file name="$USER_HOME$/dev/archeology-db/src/archeology_db/core.clj" timestamp="1588622037272">
        <mark key="[" line="3" column="1" />
        <mark key="]" line="3" column="9" />
        <mark key="." line="3" column="8" />
        <mark key="^" line="3" column="9" />
      </file>
      <file name="$USER_HOME$/dev/archeology-db/src/archeology_db/db.clj" timestamp="1589657977787">
        <mark key="'" line="0" column="0" />
        <mark key="[" line="158" column="0" />
        <mark key="]" line="158" column="0" />
        <mark key="." line="158" column="0" />
        <mark key="^" line="134" column="68" />
      </file>
      <file name="/" timestamp="1589624544094">
        <mark key="[" line="0" column="0" />
      </file>
    </filemarks>
    <jumps>
      <jump line="142" column="36" filename="$USER_HOME$/dev/archeology-db/src/archeology_db/db.clj" />
      <jump line="154" column="30" filename="$USER_HOME$/dev/archeology-db/src/archeology_db/db.clj" />
      <jump line="3" column="4" filename="$USER_HOME$/dev/hyperskill/src/MessageNotifier.java" />
      <jump line="122" column="1" filename="/Library/Java/JavaVirtualMachines/adoptopenjdk-11.jdk/Contents/Home/lib/src.zip!/java.base/java/lang/String.java" />
      <jump line="124" column="19" filename="/Library/Java/JavaVirtualMachines/adoptopenjdk-11.jdk/Contents/Home/lib/src.zip!/java.base/java/lang/String.java" />
      <jump line="7" column="8" filename="$USER_HOME$/dev/hyperskill/src/MessageNotifier.java" />
      <jump line="1" column="8" filename="$USER_HOME$/dev/hyperskill/src/MessageNotifier.java" />
      <jump line="0" column="8" filename="$USER_HOME$/dev/hyperskill/src/MessageNotifier.java" />
      <jump line="27" column="30" filename="/Library/Java/JavaVirtualMachines/adoptopenjdk-11.jdk/Contents/Home/lib/src.zip!/java.base/java/lang/Override.java" />
      <jump line="5" column="8" filename="$USER_HOME$/dev/hyperskill/src/MessageNotifier.java" />
      <jump line="52" column="28" filename="/Library/Java/JavaVirtualMachines/adoptopenjdk-11.jdk/Contents/Home/lib/src.zip!/java.base/java/lang/Override.java" />
      <jump line="9" column="0" filename="$USER_HOME$/dev/hyperskill/src/MessageNotifier.java" />
      <jump line="123" column="0" filename="/Library/Java/JavaVirtualMachines/adoptopenjdk-11.jdk/Contents/Home/lib/src.zip!/java.base/java/lang/String.java" />
      <jump line="6" column="14" filename="$USER_HOME$/dev/hyperskill/src/MessageNotifier.java" />
      <jump line="10" column="0" filename="$USER_HOME$/dev/hyperskill/src/MessageNotifier.java" />
      <jump line="2" column="0" filename="$USER_HOME$/dev/hyperskill/src/MessageNotifier.java" />
      <jump line="4" column="0" filename="$USER_HOME$/dev/hyperskill/src/MessageNotifier.java" />
      <jump line="35" column="19" filename="$USER_HOME$/dev/archeology-db/src/archeology_db/db.clj" />
      <jump line="68" column="20" filename="$USER_HOME$/dev/archeology-db/src/archeology_db/db.clj" />
      <jump line="42" column="6" filename="$USER_HOME$/dev/archeology-db/src/archeology_db/db.clj" />
      <jump line="36" column="11" filename="$USER_HOME$/dev/archeology-db/src/archeology_db/db.clj" />
      <jump line="7" column="0" filename="$USER_HOME$/dev/archeology-db/src/archeology_db/db.clj" />
      <jump line="169" column="4" filename="$USER_HOME$/dev/archeology-db/src/archeology_db/db.clj" />
      <jump line="2" column="0" filename="$USER_HOME$/dev/archeology-db/src/archeology_db/db.clj" />
      <jump line="27" column="0" filename="$USER_HOME$/dev/archeology-db/src/archeology_db/db.clj" />
      <jump line="12" column="0" filename="$USER_HOME$/dev/archeology-db/src/archeology_db/db.clj" />
      <jump line="10" column="0" filename="$USER_HOME$/dev/archeology-db/src/archeology_db/db.clj" />
      <jump line="11" column="2" filename="$USER_HOME$/dev/archeology-db/src/archeology_db/db.clj" />
      <jump line="44" column="0" filename="$USER_HOME$/dev/archeology-db/src/archeology_db/db.clj" />
      <jump line="58" column="24" filename="$USER_HOME$/dev/archeology-db/src/archeology_db/db.clj" />
      <jump line="59" column="24" filename="$USER_HOME$/dev/archeology-db/src/archeology_db/db.clj" />
      <jump line="9" column="11" filename="$USER_HOME$/dev/archeology-db/src/archeology_db/db.clj" />
      <jump line="60" column="24" filename="$USER_HOME$/dev/archeology-db/src/archeology_db/db.clj" />
      <jump line="45" column="6" filename="$USER_HOME$/dev/archeology-db/src/archeology_db/db.clj" />
      <jump line="1483" column="6" filename="$MAVEN_REPOSITORY$/org/clojure/clojure/1.10.1/clojure-1.10.1.jar!/clojure/core.clj" />
      <jump line="1484" column="2" filename="$MAVEN_REPOSITORY$/org/clojure/clojure/1.10.1/clojure-1.10.1.jar!/clojure/core.clj" />
      <jump line="61" column="35" filename="$USER_HOME$/dev/archeology-db/src/archeology_db/db.clj" />
      <jump line="63" column="22" filename="$USER_HOME$/dev/archeology-db/src/archeology_db/db.clj" />
      <jump line="62" column="22" filename="$USER_HOME$/dev/archeology-db/src/archeology_db/db.clj" />
      <jump line="81" column="17" filename="$USER_HOME$/dev/archeology-db/src/archeology_db/db.clj" />
      <jump line="87" column="6" filename="$USER_HOME$/dev/archeology-db/src/archeology_db/db.clj" />
      <jump line="89" column="15" filename="$USER_HOME$/dev/archeology-db/src/archeology_db/db.clj" />
      <jump line="96" column="55" filename="$USER_HOME$/dev/archeology-db/src/archeology_db/db.clj" />
      <jump line="119" column="22" filename="$USER_HOME$/dev/archeology-db/src/archeology_db/db.clj" />
      <jump line="102" column="6" filename="$USER_HOME$/dev/archeology-db/src/archeology_db/db.clj" />
      <jump line="133" column="46" filename="$USER_HOME$/dev/archeology-db/src/archeology_db/db.clj" />
      <jump line="107" column="0" filename="$USER_HOME$/dev/archeology-db/src/archeology_db/db.clj" />
      <jump line="131" column="23" filename="$USER_HOME$/dev/archeology-db/src/archeology_db/db.clj" />
      <jump line="141" column="0" filename="$USER_HOME$/dev/archeology-db/src/archeology_db/db.clj" />
      <jump line="1" column="0" filename="$USER_HOME$/dev/archeology-db/src/archeology_db/db.clj" />
      <jump line="3" column="0" filename="$USER_HOME$/dev/archeology-db/src/archeology_db/db.clj" />
      <jump line="8" column="0" filename="$USER_HOME$/dev/archeology-db/src/archeology_db/db.clj" />
      <jump line="14" column="0" filename="$USER_HOME$/dev/archeology-db/src/archeology_db/db.clj" />
      <jump line="16" column="0" filename="$USER_HOME$/dev/archeology-db/src/archeology_db/db.clj" />
      <jump line="18" column="0" filename="$USER_HOME$/dev/archeology-db/src/archeology_db/db.clj" />
      <jump line="20" column="0" filename="$USER_HOME$/dev/archeology-db/src/archeology_db/db.clj" />
      <jump line="22" column="0" filename="$USER_HOME$/dev/archeology-db/src/archeology_db/db.clj" />
      <jump line="26" column="0" filename="$USER_HOME$/dev/archeology-db/src/archeology_db/db.clj" />
      <jump line="28" column="0" filename="$USER_HOME$/dev/archeology-db/src/archeology_db/db.clj" />
      <jump line="33" column="0" filename="$USER_HOME$/dev/archeology-db/src/archeology_db/db.clj" />
      <jump line="37" column="0" filename="$USER_HOME$/dev/archeology-db/src/archeology_db/db.clj" />
      <jump line="40" column="0" filename="$USER_HOME$/dev/archeology-db/src/archeology_db/db.clj" />
      <jump line="43" column="0" filename="$USER_HOME$/dev/archeology-db/src/archeology_db/db.clj" />
      <jump line="46" column="0" filename="$USER_HOME$/dev/archeology-db/src/archeology_db/db.clj" />
      <jump line="49" column="0" filename="$USER_HOME$/dev/archeology-db/src/archeology_db/db.clj" />
      <jump line="51" column="0" filename="$USER_HOME$/dev/archeology-db/src/archeology_db/db.clj" />
      <jump line="54" column="0" filename="$USER_HOME$/dev/archeology-db/src/archeology_db/db.clj" />
      <jump line="56" column="0" filename="$USER_HOME$/dev/archeology-db/src/archeology_db/db.clj" />
      <jump line="66" column="0" filename="$USER_HOME$/dev/archeology-db/src/archeology_db/db.clj" />
      <jump line="70" column="0" filename="$USER_HOME$/dev/archeology-db/src/archeology_db/db.clj" />
      <jump line="74" column="0" filename="$USER_HOME$/dev/archeology-db/src/archeology_db/db.clj" />
      <jump line="78" column="0" filename="$USER_HOME$/dev/archeology-db/src/archeology_db/db.clj" />
      <jump line="82" column="0" filename="$USER_HOME$/dev/archeology-db/src/archeology_db/db.clj" />
      <jump line="91" column="0" filename="$USER_HOME$/dev/archeology-db/src/archeology_db/db.clj" />
      <jump line="93" column="0" filename="$USER_HOME$/dev/archeology-db/src/archeology_db/db.clj" />
      <jump line="98" column="0" filename="$USER_HOME$/dev/archeology-db/src/archeology_db/db.clj" />
      <jump line="106" column="0" filename="$USER_HOME$/dev/archeology-db/src/archeology_db/db.clj" />
      <jump line="108" column="0" filename="$USER_HOME$/dev/archeology-db/src/archeology_db/db.clj" />
      <jump line="113" column="0" filename="$USER_HOME$/dev/archeology-db/src/archeology_db/db.clj" />
      <jump line="149" column="0" filename="$USER_HOME$/dev/archeology-db/src/archeology_db/db.clj" />
      <jump line="139" column="0" filename="$USER_HOME$/dev/archeology-db/src/archeology_db/db.clj" />
      <jump line="19" column="0" filename="$USER_HOME$/dev/archeology-db/src/archeology_db/db.clj" />
      <jump line="41" column="6" filename="$USER_HOME$/dev/archeology-db/src/archeology_db/db.clj" />
      <jump line="130" column="6" filename="$USER_HOME$/dev/archeology-db/src/archeology_db/db.clj" />
      <jump line="137" column="45" filename="$USER_HOME$/dev/archeology-db/src/archeology_db/db.clj" />
      <jump line="164" column="0" filename="$USER_HOME$/dev/archeology-db/src/archeology_db/db.clj" />
      <jump line="167" column="0" filename="$USER_HOME$/dev/archeology-db/src/archeology_db/db.clj" />
      <jump line="157" column="0" filename="$USER_HOME$/dev/archeology-db/src/archeology_db/db.clj" />
      <jump line="144" column="0" filename="$USER_HOME$/dev/archeology-db/src/archeology_db/db.clj" />
      <jump line="135" column="0" filename="$USER_HOME$/dev/archeology-db/src/archeology_db/db.clj" />
      <jump line="129" column="0" filename="$USER_HOME$/dev/archeology-db/src/archeology_db/db.clj" />
      <jump line="126" column="0" filename="$USER_HOME$/dev/archeology-db/src/archeology_db/db.clj" />
      <jump line="121" column="0" filename="$USER_HOME$/dev/archeology-db/src/archeology_db/db.clj" />
      <jump line="0" column="0" filename="$USER_HOME$/dev/archeology-db/src/archeology_db/db.clj" />
    </jumps>
  </component>
  <component name="VimRegisterSettings">
    <registers>
      <register name="&quot;" type="4">
        <text>(defn add-entity [db entity]
  (let [[fixed-entity next-top-id] (fix-new-entity db entity)
        layer-with-updated-storage (update-in (last (:layers db))
                                              [:storage]
                                              write-entity
                                              fixed-entity)
        add-fn (partial add-entity-to-index fixed-entity)
        new-layer (reduce add-fn layer-with-updated-storage INDEXES)]
    (assoc db :layers (conj (:layers db) new-layer) :top-id next-top-id)))</text>
      </register>
      <register name="-" type="4">
        <text>)</text>
      </register>
      <register name="/" type="4">
        <text>add-ent</text>
      </register>
      <register name="0" type="4">
        <text>(make-index #(vector %2 %3 %1) #(vector %3 %1 %2) always)</text>
      </register>
      <register name="1" type="4">
        <text>(defn add-entity [db entity]
  (let [[fixed-entity next-top-id] (fix-new-entity db entity)
        layer-with-updated-storage (update-in (last (:layers db))
                                              [:storage]
                                              write-entity
                                              fixed-entity)
        add-fn (partial add-entity-to-index fixed-entity)
        new-layer (reduce add-fn layer-with-updated-storage INDEXES)]
    (assoc db :layers (conj (:layers db) new-layer) :top-id next-top-id)))</text>
      </register>
      <register name="2" type="2">
        <text encoding="base64">KGRvYyBpbmMpCg==</text>
      </register>
      <register name="3" type="2">
        <text encoding="base64">Cgo=</text>
      </register>
      <register name="4" type="2">
        <text encoding="base64">KHNlcXVlbnRpYWw/IHs6YSAxfSkK</text>
      </register>
      <register name="5" type="2">
        <text encoding="base64">KGRlZm4gaikK</text>
      </register>
      <register name="6" type="2">
        <text encoding="base64">Cg==</text>
      </register>
      <register name="7" type="2">
        <text encoding="base64">Cg==</text>
      </register>
      <register name="8" type="2">
        <text encoding="base64">KGRlZm4gbmV4dC10cyBbZGJdIChpbmMgKDpjdXJyLXRpbWUgZGIpKSkK</text>
      </register>
      <register name="9" type="2">
        <text encoding="base64">Cgo=</text>
      </register>
      <register name=":" type="4">
        <text>help text-objects</text>
      </register>
    </registers>
  </component>
  <component name="VimSearchSettings">
    <search>
      <last-search>add-ent</last-search>
      <last-offset />
      <last-pattern>add-ent</last-pattern>
      <last-dir>1</last-dir>
      <show-last>false</show-last>
    </search>
  </component>
  <component name="VimSettings">
    <state version="6" enabled="true" />
    <notifications>
      <idea-join enabled="true" />
      <idea-put enabled="false" />
    </notifications>
  </component>
</application>